{
  "dataset": {
    "n_dp": 40,
    "n_hc": 41,
    "n_features": 59,
    "nan_pct": 10.16949152542373
  },
  "ml": {
    "svm": {
      "auc_roc": {
        "mean": 0.6964120370370371,
        "std": 0.12885775901872518,
        "min": 0.421875,
        "max": 0.875
      },
      "f1": {
        "mean": 0.6686857667043424,
        "std": 0.1198147639480934,
        "min": 0.47058823529411764,
        "max": 0.8888888888888888
      },
      "sensitivity": {
        "mean": 0.7166666666577084,
        "std": 0.14043582955118386,
        "min": 0.49999999999375,
        "max": 0.9999999999875
      },
      "specificity": {
        "mean": 0.5777777777707099,
        "std": 0.21007298359167567,
        "min": 0.1249999999984375,
        "max": 0.9999999999875
      },
      "n_folds": 15,
      "vs_benchmark": {
        "iyer_auc": 0.97,
        "tfs_auc": 0.6964,
        "delta": -0.2736,
        "status": "ABAIXO"
      }
    },
    "ensemble": {
      "auc_roc": {
        "mean": 0.687962962962963,
        "std": 0.08484704173038565,
        "min": 0.5,
        "max": 0.8125
      },
      "f1": {
        "mean": 0.6039690031330898,
        "std": 0.1322258522382439,
        "min": 0.3076923076923077,
        "max": 0.8
      },
      "sensitivity": {
        "mean": 0.6166666666589583,
        "std": 0.19614337159654524,
        "min": 0.249999999996875,
        "max": 0.8749999999890625
      },
      "specificity": {
        "mean": 0.6287037036959889,
        "std": 0.20628416082136267,
        "min": 0.249999999996875,
        "max": 0.8749999999890625
      },
      "n_folds": 15,
      "vs_benchmark": {
        "iyer_auc": 0.97,
        "tfs_auc": 0.688,
        "delta": -0.282,
        "status": "ABAIXO"
      }
    }
  },
  "dl": {
    "transformer": {
      "model_type": "transformer",
      "q_attn": 1.3,
      "q_loss": 1.3,
      "auc_roc": {
        "mean": 0.5822916666666667,
        "std": 0.09768367670416818,
        "min": 0.45833333333333326,
        "max": 0.71875
      },
      "f1": {
        "mean": 0.33999999999999997,
        "std": 0.283156807754604,
        "min": 0.0,
        "max": 0.6666666666666666
      },
      "sensitivity": {
        "mean": 0.37499999999531247,
        "std": 0.3708099243501481,
        "min": 0.0,
        "max": 0.9999999999875
      },
      "specificity": {
        "mean": 0.6999999999915278,
        "std": 0.3758324094548465,
        "min": 0.0,
        "max": 0.9999999999888889
      },
      "n_folds": 5,
      "vs_benchmark": {
        "iyer_auc": 0.97,
        "tfs_auc": 0.5823,
        "delta": -0.3877,
        "status": "ABAIXO"
      }
    },
    "hybrid": {
      "model_type": "hybrid",
      "q_attn": 1.3,
      "q_loss": 1.3,
      "auc_roc": {
        "mean": 0.6142361111111111,
        "std": 0.10326227769048657,
        "min": 0.453125,
        "max": 0.75
      },
      "f1": {
        "mean": 0.5314102564102564,
        "std": 0.187047723204752,
        "min": 0.3076923076923077,
        "max": 0.75
      },
      "sensitivity": {
        "mean": 0.49999999999375,
        "std": 0.20916500663090434,
        "min": 0.249999999996875,
        "max": 0.749999999990625
      },
      "specificity": {
        "mean": 0.6833333333249769,
        "std": 0.05651941652528284,
        "min": 0.6249999999921875,
        "max": 0.749999999990625
      },
      "n_folds": 5,
      "vs_benchmark": {
        "iyer_auc": 0.97,
        "tfs_auc": 0.6142,
        "delta": -0.3558,
        "status": "ABAIXO"
      }
    }
  },
  "runtime_s": 89.7
}