{
  "dataset": {
    "n_dp": 40,
    "n_hc": 41,
    "n_features": 59,
    "nan_pct": 10.16949152542373
  },
  "ml": {
    "svm": {
      "auc_roc": {
        "mean": 0.662037037037037,
        "std": 0.12702144229273338,
        "min": 0.453125,
        "max": 0.90625
      },
      "f1": {
        "mean": 0.6171959189761047,
        "std": 0.14553692340738503,
        "min": 0.2857142857142857,
        "max": 0.8235294117647058
      },
      "sensitivity": {
        "mean": 0.6583333333251041,
        "std": 0.20138409955739223,
        "min": 0.249999999996875,
        "max": 0.9999999999875
      },
      "specificity": {
        "mean": 0.56759259258558,
        "std": 0.1954910106700007,
        "min": 0.22222222221975307,
        "max": 0.8749999999890625
      },
      "n_folds": 15,
      "vs_benchmark": {
        "iyer_auc": 0.97,
        "tfs_auc": 0.662,
        "delta": -0.308,
        "status": "ABAIXO"
      }
    },
    "ensemble": {
      "auc_roc": {
        "mean": 0.6565972222222222,
        "std": 0.126974819589046,
        "min": 0.453125,
        "max": 0.84375
      },
      "f1": {
        "mean": 0.6026055208408149,
        "std": 0.09699393761392842,
        "min": 0.46153846153846156,
        "max": 0.75
      },
      "sensitivity": {
        "mean": 0.6249999999921876,
        "std": 0.12909944487196684,
        "min": 0.3749999999953125,
        "max": 0.749999999990625
      },
      "specificity": {
        "mean": 0.573148148141097,
        "std": 0.15150706113627213,
        "min": 0.3333333333296296,
        "max": 0.8749999999890625
      },
      "n_folds": 15,
      "vs_benchmark": {
        "iyer_auc": 0.97,
        "tfs_auc": 0.6566,
        "delta": -0.3134,
        "status": "ABAIXO"
      }
    }
  },
  "dl": {
    "transformer": {
      "model_type": "transformer",
      "q_attn": 1.3,
      "q_loss": 1.3,
      "auc_roc": {
        "mean": 0.42013888888888895,
        "std": 0.1128712581239964,
        "min": 0.265625,
        "max": 0.5625
      },
      "f1": {
        "mean": 0.2613333333333333,
        "std": 0.32017772842247755,
        "min": 0.0,
        "max": 0.6666666666666666
      },
      "sensitivity": {
        "mean": 0.399999999995,
        "std": 0.4898979485505119,
        "min": 0.0,
        "max": 0.9999999999875
      },
      "specificity": {
        "mean": 0.5999999999925001,
        "std": 0.48989794855051194,
        "min": 0.0,
        "max": 0.9999999999875
      },
      "n_folds": 5,
      "vs_benchmark": {
        "iyer_auc": 0.97,
        "tfs_auc": 0.4201,
        "delta": -0.5499,
        "status": "ABAIXO"
      }
    },
    "hybrid": {
      "model_type": "hybrid",
      "q_attn": 1.3,
      "q_loss": 1.3,
      "auc_roc": {
        "mean": 0.578125,
        "std": 0.11566722202076092,
        "min": 0.453125,
        "max": 0.765625
      },
      "f1": {
        "mean": 0.4778461304777094,
        "std": 0.14855637261680432,
        "min": 0.2222222222222222,
        "max": 0.6666666666666666
      },
      "sensitivity": {
        "mean": 0.449999999994375,
        "std": 0.2179449471743094,
        "min": 0.1249999999984375,
        "max": 0.749999999990625
      },
      "specificity": {
        "mean": 0.6916666666581135,
        "std": 0.2682246156537082,
        "min": 0.3333333333296296,
        "max": 0.9999999999875
      },
      "n_folds": 5,
      "vs_benchmark": {
        "iyer_auc": 0.97,
        "tfs_auc": 0.5781,
        "delta": -0.3919,
        "status": "ABAIXO"
      }
    }
  },
  "runtime_s": 15.4
}