{
  "dataset": {
    "n_dp": 40,
    "n_hc": 41,
    "n_features": 59,
    "nan_pct": 10.16949152542373
  },
  "ml": {
    "svm": {
      "auc_roc": {
        "mean": 0.6964120370370371,
        "std": 0.12885775901872518,
        "min": 0.421875,
        "max": 0.875
      },
      "f1": {
        "mean": 0.6686857667043424,
        "std": 0.1198147639480934,
        "min": 0.47058823529411764,
        "max": 0.8888888888888888
      },
      "sensitivity": {
        "mean": 0.7166666666577084,
        "std": 0.14043582955118386,
        "min": 0.49999999999375,
        "max": 0.9999999999875
      },
      "specificity": {
        "mean": 0.5777777777707099,
        "std": 0.21007298359167567,
        "min": 0.1249999999984375,
        "max": 0.9999999999875
      },
      "n_folds": 15,
      "vs_benchmark": {
        "iyer_auc": 0.97,
        "tfs_auc": 0.6964,
        "delta": -0.2736,
        "status": "ABAIXO"
      }
    },
    "ensemble": {
      "auc_roc": {
        "mean": 0.687962962962963,
        "std": 0.08484704173038565,
        "min": 0.5,
        "max": 0.8125
      },
      "f1": {
        "mean": 0.6039690031330898,
        "std": 0.1322258522382439,
        "min": 0.3076923076923077,
        "max": 0.8
      },
      "sensitivity": {
        "mean": 0.6166666666589583,
        "std": 0.19614337159654524,
        "min": 0.249999999996875,
        "max": 0.8749999999890625
      },
      "specificity": {
        "mean": 0.6287037036959889,
        "std": 0.20628416082136267,
        "min": 0.249999999996875,
        "max": 0.8749999999890625
      },
      "n_folds": 15,
      "vs_benchmark": {
        "iyer_auc": 0.97,
        "tfs_auc": 0.688,
        "delta": -0.282,
        "status": "ABAIXO"
      }
    }
  },
  "dl": {
    "transformer": {
      "model_type": "transformer",
      "q_attn": 1.3,
      "q_loss": 1.3,
      "auc_roc": {
        "mean": 0.6048611111111111,
        "std": 0.0815905730151362,
        "min": 0.484375,
        "max": 0.703125
      },
      "f1": {
        "mean": 0.4666666666666666,
        "std": 0.26666666666666666,
        "min": 0.0,
        "max": 0.6666666666666666
      },
      "sensitivity": {
        "mean": 0.6249999999921875,
        "std": 0.4183300132618087,
        "min": 0.0,
        "max": 0.9999999999875
      },
      "specificity": {
        "mean": 0.4222222222169753,
        "std": 0.38626096212334016,
        "min": 0.0,
        "max": 0.9999999999875
      },
      "n_folds": 5,
      "vs_benchmark": {
        "iyer_auc": 0.97,
        "tfs_auc": 0.6049,
        "delta": -0.3651,
        "status": "ABAIXO"
      }
    },
    "hybrid": {
      "model_type": "hybrid",
      "q_attn": 1.3,
      "q_loss": 1.3,
      "auc_roc": {
        "mean": 0.7260416666666667,
        "std": 0.15441983716838686,
        "min": 0.4375,
        "max": 0.875
      },
      "f1": {
        "mean": 0.65503663003663,
        "std": 0.09124096553602862,
        "min": 0.5,
        "max": 0.7692307692307693
      },
      "sensitivity": {
        "mean": 0.649999999991875,
        "std": 0.1999999999975,
        "min": 0.3749999999953125,
        "max": 0.9999999999875
      },
      "specificity": {
        "mean": 0.6833333333249769,
        "std": 0.35804251764452977,
        "min": 0.0,
        "max": 0.9999999999875
      },
      "n_folds": 5,
      "vs_benchmark": {
        "iyer_auc": 0.97,
        "tfs_auc": 0.726,
        "delta": -0.244,
        "status": "ABAIXO"
      }
    }
  },
  "runtime_s": 69.4
}