{
  "dataset": {
    "n_dp": 40,
    "n_hc": 41,
    "n_features": 59,
    "nan_pct": 10.16949152542373
  },
  "ml": {
    "svm": {
      "auc_roc": {
        "mean": 0.6964120370370371,
        "std": 0.12885775901872518,
        "min": 0.421875,
        "max": 0.875
      },
      "f1": {
        "mean": 0.6686857667043424,
        "std": 0.1198147639480934,
        "min": 0.47058823529411764,
        "max": 0.8888888888888888
      },
      "sensitivity": {
        "mean": 0.7166666666577084,
        "std": 0.14043582955118386,
        "min": 0.49999999999375,
        "max": 0.9999999999875
      },
      "specificity": {
        "mean": 0.5777777777707099,
        "std": 0.21007298359167567,
        "min": 0.1249999999984375,
        "max": 0.9999999999875
      },
      "n_folds": 15,
      "vs_benchmark": {
        "iyer_auc": 0.97,
        "tfs_auc": 0.6964,
        "delta": -0.2736,
        "status": "ABAIXO"
      }
    },
    "ensemble": {
      "auc_roc": {
        "mean": 0.687962962962963,
        "std": 0.08484704173038565,
        "min": 0.5,
        "max": 0.8125
      },
      "f1": {
        "mean": 0.6039690031330898,
        "std": 0.1322258522382439,
        "min": 0.3076923076923077,
        "max": 0.8
      },
      "sensitivity": {
        "mean": 0.6166666666589583,
        "std": 0.19614337159654524,
        "min": 0.249999999996875,
        "max": 0.8749999999890625
      },
      "specificity": {
        "mean": 0.6287037036959889,
        "std": 0.20628416082136267,
        "min": 0.249999999996875,
        "max": 0.8749999999890625
      },
      "n_folds": 15,
      "vs_benchmark": {
        "iyer_auc": 0.97,
        "tfs_auc": 0.688,
        "delta": -0.282,
        "status": "ABAIXO"
      }
    }
  },
  "dl": {
    "transformer": {
      "model_type": "transformer",
      "q_attn": 1.3,
      "q_loss": 1.3,
      "auc_roc": {
        "mean": 0.45243055555555556,
        "std": 0.061641480091746914,
        "min": 0.359375,
        "max": 0.5277777777777777
      },
      "f1": {
        "mean": 0.4,
        "std": 0.3265986323710904,
        "min": 0.0,
        "max": 0.6666666666666666
      },
      "sensitivity": {
        "mean": 0.5999999999925001,
        "std": 0.48989794855051194,
        "min": 0.0,
        "max": 0.9999999999875
      },
      "specificity": {
        "mean": 0.3999999999952778,
        "std": 0.4898979485508521,
        "min": 0.0,
        "max": 0.9999999999888889
      },
      "n_folds": 5,
      "vs_benchmark": {
        "iyer_auc": 0.97,
        "tfs_auc": 0.4524,
        "delta": -0.5176,
        "status": "ABAIXO"
      }
    },
    "hybrid": {
      "model_type": "hybrid",
      "q_attn": 1.3,
      "q_loss": 1.3,
      "auc_roc": {
        "mean": 0.6975694444444445,
        "std": 0.15591553709233125,
        "min": 0.40625,
        "max": 0.859375
      },
      "f1": {
        "mean": 0.6206349206349205,
        "std": 0.07974512182273313,
        "min": 0.5,
        "max": 0.7142857142857143
      },
      "sensitivity": {
        "mean": 0.5749999999928125,
        "std": 0.12747548783822618,
        "min": 0.3749999999953125,
        "max": 0.749999999990625
      },
      "specificity": {
        "mean": 0.7249999999912153,
        "std": 0.2423839928681018,
        "min": 0.3749999999953125,
        "max": 0.9999999999888889
      },
      "n_folds": 5,
      "vs_benchmark": {
        "iyer_auc": 0.97,
        "tfs_auc": 0.6976,
        "delta": -0.2724,
        "status": "ABAIXO"
      }
    }
  },
  "runtime_s": 65.6
}